{
  "Component-preload-dbg.js": 1742213662165,
  "test/unit/unitTests.qunit-dbg.js": 1742213693373,
  "test/integration/arrangements/Startup-dbg.js": 1742213681441,
  "test/integration/pages/Master.js": 1742213685088,
  "test/integration/pages/Master-dbg.js": 1742213684420,
  "test/unit/controller/Master.controller.js": 1742213691412,
  "test/unit/controller/Master-dbg.controller.js": 1742213690736,
  "test/integration/opaTests.qunit.js": 1742213683410,
  "test/integration/opaTests.qunit-dbg.js": 1742213682094,
  "test/integration/NavigationJourney.js": 1742213679752,
  "test/integration/NavigationJourney-dbg.js": 1742213679084,
  "test/integration/AllJourneys.js": 1742213678403,
  "test/integration/AllJourneys-dbg.js": 1742213677737,
  "test/unit/unitTests.qunit.js": 1742213693373,
  "test/integration/arrangements/Startup.js": 1742213681441,
  "test/unit/AllTests.js": 1742213689440,
  "test/unit/AllTests-dbg.js": 1742213688537,
  "resources/sap-ui-version.json": 1742213672996,
  "test/testsuite.qunit.js": 1742213687249,
  "test/testsuite.qunit-dbg.js": 1742213685748,
  "test/locate-reuse-libs.js": 1742313428718,
  "utils/locate-reuse-libs.js": 1742296103582,
  "localService/mockserver.js": 1742296087124,
  "model/models.js": 1742296093897,
  "controller/Master.controller.js": 1743088323042,
  "serviceBinding.js": 1742296121398,
  "manifest.json": 1742313428711,
  "Component.js": 1742296114854,
  "Component-preload.js": 1743088333061,
  "test/integration/NavigationJourney.js.map": 1743088332735,
  "test/integration/arrangements/Startup-dbg-dbg.js": 1742213680777,
  "test/integration/arrangements/Startup-dbg.js.map": 1743088332738,
  "test/integration/pages/Master.js.map": 1743088332734,
  "test/integration/pages/Master-dbg-dbg.js": 1742213684420,
  "test/integration/pages/Master-dbg.js.map": 1743088332735,
  "test/unit/controller/Master.controller.js.map": 1743088332739,
  "test/unit/controller/Master-dbg-dbg.controller.js": 1742213690736,
  "test/unit/controller/Master-dbg.controller.js.map": 1743088332739,
  "test/integration/opaTests.qunit.js.map": 1743088332739,
  "test/integration/opaTests.qunit-dbg-dbg.js": 1742213682094,
  "test/integration/opaTests.qunit-dbg.js.map": 1743088332739,
  "test/unit/unitTests.qunit-dbg-dbg.js": 1742213692066,
  "test/unit/unitTests.qunit-dbg.js.map": 1743088332741,
  "test/integration/NavigationJourney-dbg-dbg.js": 1742213679084,
  "test/integration/NavigationJourney-dbg.js.map": 1743088332743,
  "test/integration/AllJourneys.js.map": 1743088332741,
  "test/integration/AllJourneys-dbg-dbg.js": 1742213677737,
  "test/integration/AllJourneys-dbg.js.map": 1743088332742,
  "test/unit/unitTests.qunit.js.map": 1743088332743,
  "test/integration/arrangements/Startup.js.map": 1743088332746,
  "test/unit/AllTests.js.map": 1743088332744,
  "test/unit/AllTests-dbg-dbg.js": 1742213688537,
  "test/unit/AllTests-dbg.js.map": 1743088332745,
  "test/testsuite.qunit.js.map": 1743088332747,
  "test/testsuite.qunit-dbg-dbg.js": 1742213685748,
  "test/testsuite.qunit-dbg.js.map": 1743088332747,
  "test/locate-reuse-libs-dbg.js": 1742313428718,
  "test/locate-reuse-libs.js.map": 1743088332783,
  "utils/locate-reuse-libs-dbg.js": 1742296103582,
  "utils/locate-reuse-libs.js.map": 1743088332777,
  "localService/mockserver-dbg.js": 1742296087124,
  "localService/mockserver.js.map": 1743088332770,
  "model/models-dbg.js": 1742296093897,
  "model/models.js.map": 1743088332751,
  "controller/Master-dbg.controller.js": 1743088323042,
  "controller/Master.controller.js.map": 1743088332872,
  "serviceBinding-dbg.js": 1742296121398,
  "serviceBinding.js.map": 1743088332773,
  "Component-dbg.js": 1742296114854,
  "Component.js.map": 1743088332777,
  "i18n/i18n.properties": 1742213666499,
  "Component-preload.js.map": 1743088333061,
  "test/unit/unitTests.qunit.html": 1742213692720,
  "test/integration/opaTests.qunit.html": 1742213682753,
  "view/Master.view.xml": 1742213698775,
  "view/ItemForm.fragment.xml": 1742213698062,
  "view/BrandHelpDialog.fragment.xml": 1742213697328,
  "view/BinVariants.fragment.xml": 1742213696626,
  "test/testsuite.qunit.html": 1742213686411,
  "test/flpSandboxMockServer.html": 1742313428730,
  "test/flpSandbox.html": 1742313428727,
  "css/style.css": 1742213665497,
  "index.html": 1742313428718
}